timestamp,day_of_week,hour,is_holiday,weather,location,road_condition,traffic_volume,notes
4/22/2025 10:13,Tuesday,10,0,Rainy,Mwenge,Flooded,857,
4/19/2025 5:07,Saturday,5,1,Rainy,Kigamboni,Under Construction,525,
4/4/2025 11:18,Friday,11,1,Rainy,Mlimani City,Under Construction,703,School closing time
4/8/2025 0:07,Tuesday,0,0,Rainy,Mlimani City,Good,523,
4/4/2025 22:10,Friday,22,0,Rainy,Posta,Under Construction,694,
4/22/2025 18:03,Tuesday,18,0,Sunny,Kariakoo,Flooded,851,
4/29/2025 1:08,Tuesday,1,0,Rainy,Mwenge,Under Construction,379,School closing time
4/6/2025 14:07,Sunday,14,0,Sunny,Ubungo,Good,173,
4/18/2025 6:10,Friday,6,0,Sunny,Ubungo,Good,375,
4/21/2025 8:17,Monday,8,0,Rainy,Ubungo,Good,1053,
4/13/2025 10:25,Sunday,10,0,Rainy,Ubungo,Good,878,
4/7/2025 9:08,Monday,9,0,Cloudy,Mikocheni,Good,915,
4/19/2025 18:54,Saturday,18,0,Rainy,Kigamboni,Good,1028,
4/8/2025 17:13,Tuesday,17,0,Rainy,Mlimani City,Good,1053,Market day
4/6/2025 7:40,Sunday,7,1,Rainy,Kigamboni,Under Construction,1339,
4/23/2025 3:21,Wednesday,3,1,Rainy,Mwenge,Good,456,
4/9/2025 14:12,Wednesday,14,0,Sunny,Masaki,Good,449,
4/5/2025 8:23,Saturday,8,0,Sunny,Mlimani City,Under Construction,1011,Concert nearby
4/19/2025 14:22,Saturday,14,0,Sunny,Masaki,Under Construction,252,
4/2/2025 9:30,Wednesday,9,0,Rainy,Posta,Good,924,
4/9/2025 4:30,Wednesday,4,0,Rainy,Masaki,Good,779,
4/19/2025 16:11,Saturday,16,0,Sunny,Mwenge,Under Construction,884,
4/27/2025 17:06,Sunday,17,0,Sunny,Kigamboni,Good,895,
4/15/2025 2:01,Tuesday,2,0,Rainy,Mlimani City,Flooded,574,
4/5/2025 1:35,Saturday,1,0,Sunny,Masaki,Flooded,593,
4/10/2025 7:29,Thursday,7,0,Rainy,Posta,Under Construction,985,
4/19/2025 9:25,Saturday,9,0,Sunny,Ubungo,Good,886,
4/3/2025 15:26,Thursday,15,0,Sunny,Kigamboni,Good,442,
4/17/2025 2:58,Thursday,2,0,Sunny,Mikocheni,Good,307,
4/28/2025 7:44,Monday,7,0,Rainy,Kariakoo,Good,925,
4/3/2025 19:36,Thursday,19,0,Sunny,Mikocheni,Good,741,
4/26/2025 18:39,Saturday,18,0,Cloudy,Mlimani City,Good,925,
4/2/2025 4:12,Wednesday,4,0,Rainy,Kariakoo,Good,621,School closing time
4/24/2025 15:18,Thursday,15,0,Sunny,Masaki,Flooded,467,Market day
4/3/2025 10:38,Thursday,10,0,Sunny,Ubungo,Good,310,Road accident
4/26/2025 18:01,Saturday,18,0,Sunny,Posta,Good,847,Market day
4/17/2025 9:04,Thursday,9,0,Rainy,Ubungo,Good,990,
4/25/2025 19:58,Friday,19,0,Rainy,Kigamboni,Good,1015,
4/2/2025 8:58,Wednesday,8,0,Sunny,Posta,Under Construction,1340,
4/21/2025 1:52,Monday,1,0,Sunny,Kariakoo,Good,326,
4/17/2025 12:57,Thursday,12,0,Sunny,Mwenge,Good,412,
4/3/2025 13:35,Thursday,13,0,Sunny,Kigamboni,Good,187,
4/22/2025 14:12,Tuesday,14,0,Sunny,Mwenge,Good,468,
4/22/2025 11:19,Tuesday,11,0,Sunny,Mwenge,Under Construction,687,School closing time
4/19/2025 18:28,Saturday,18,0,Sunny,Kariakoo,Good,814,
4/25/2025 10:42,Friday,10,0,Rainy,Kigamboni,Good,894,Market day
4/26/2025 13:22,Saturday,13,0,Cloudy,Posta,Under Construction,512,
4/9/2025 13:00,Wednesday,13,0,Sunny,Kariakoo,Good,349,
4/14/2025 2:48,Monday,2,0,Sunny,Mwenge,Good,406,
4/27/2025 23:49,Sunday,23,0,Rainy,Masaki,Good,437,
4/4/2025 10:57,Friday,10,0,Sunny,Posta,Good,122,
4/27/2025 12:42,Sunday,12,0,Sunny,Kariakoo,Good,315,
4/8/2025 23:34,Tuesday,23,0,Rainy,Mikocheni,Under Construction,751,
4/8/2025 11:44,Tuesday,11,0,Sunny,Kigamboni,Good,393,
4/28/2025 3:59,Monday,3,0,Sunny,Kariakoo,Good,222,
4/25/2025 6:14,Friday,6,0,Rainy,Mlimani City,Good,530,
4/15/2025 8:32,Tuesday,8,0,Sunny,Ubungo,Good,1018,
4/3/2025 16:36,Thursday,16,0,Sunny,Kariakoo,Good,805,
4/26/2025 20:40,Saturday,20,0,Sunny,Mlimani City,Good,459,
4/18/2025 11:14,Friday,11,0,Sunny,Mlimani City,Flooded,401,
4/13/2025 0:40,Sunday,0,0,Rainy,Kigamboni,Good,393,
4/2/2025 15:32,Wednesday,15,0,Sunny,Mwenge,Good,472,
4/30/2025 6:14,Wednesday,6,0,Sunny,Posta,Good,149,
4/22/2025 15:31,Tuesday,15,0,Sunny,Mikocheni,Good,420,
4/4/2025 4:26,Friday,4,0,Cloudy,Masaki,Good,434,
4/23/2025 19:20,Wednesday,19,0,Rainy,Masaki,Flooded,1258,
4/16/2025 6:56,Wednesday,6,1,Cloudy,Kigamboni,Good,76,Market day
4/6/2025 14:35,Sunday,14,0,Sunny,Posta,Under Construction,529,Road accident
4/16/2025 14:49,Wednesday,14,0,Rainy,Posta,Good,354,Market day
4/29/2025 11:34,Tuesday,11,1,Sunny,Mikocheni,Good,433,Market day
4/12/2025 20:43,Saturday,20,1,Sunny,Mikocheni,Good,143,
4/11/2025 1:38,Friday,1,0,Sunny,Mwenge,Good,451,
4/25/2025 10:46,Friday,10,0,Rainy,Kariakoo,Good,261,
4/17/2025 5:15,Thursday,5,0,Rainy,Mwenge,Good,320,
4/12/2025 18:42,Saturday,18,0,Sunny,Mwenge,Under Construction,877,
4/1/2025 6:26,Tuesday,6,0,Rainy,Posta,Good,437,Market day
4/24/2025 5:27,Thursday,5,0,Rainy,Kariakoo,Good,410,
4/21/2025 1:25,Monday,1,0,Rainy,Masaki,Good,395,
4/9/2025 10:20,Wednesday,10,0,Sunny,Ubungo,Good,376,Concert nearby
4/23/2025 0:28,Wednesday,0,0,Sunny,Posta,Good,568,
4/22/2025 0:26,Tuesday,0,1,Rainy,Masaki,Good,763,
4/26/2025 1:04,Saturday,1,0,Cloudy,Mlimani City,Good,292,Market day
4/24/2025 2:27,Thursday,2,0,Sunny,Kariakoo,Good,295,Market day
4/22/2025 9:44,Tuesday,9,0,Sunny,Ubungo,Good,939,Market day
4/26/2025 11:20,Saturday,11,0,Rainy,Mlimani City,Under Construction,802,
4/22/2025 6:12,Tuesday,6,0,Sunny,Kariakoo,Good,498,
4/20/2025 4:14,Sunday,4,0,Sunny,Masaki,Good,200,Road accident
4/2/2025 0:19,Wednesday,0,0,Cloudy,Mwenge,Good,80,Market day
4/2/2025 14:06,Wednesday,14,0,Sunny,Posta,Good,391,
4/23/2025 9:55,Wednesday,9,0,Rainy,Mlimani City,Good,1198,School closing time
4/14/2025 3:43,Monday,3,1,Sunny,Kigamboni,Under Construction,566,
4/18/2025 7:02,Friday,7,1,Cloudy,Kigamboni,Good,826,Market day
4/27/2025 2:00,Sunday,2,0,Rainy,Ubungo,Good,470,
4/26/2025 7:36,Saturday,7,0,Cloudy,Kigamboni,Good,757,
4/11/2025 15:10,Friday,15,0,Sunny,Ubungo,Good,408,Market day
4/24/2025 1:37,Thursday,1,0,Sunny,Mwenge,Good,490,
4/10/2025 15:32,Thursday,15,0,Rainy,Posta,Under Construction,621,
4/7/2025 19:49,Monday,19,0,Sunny,Mlimani City,Under Construction,1053,
4/14/2025 19:42,Monday,19,0,Sunny,Mwenge,Good,641,
4/28/2025 23:58,Monday,23,0,Sunny,Posta,Under Construction,412,
4/4/2025 23:53,Friday,23,1,Rainy,Mwenge,Good,443,
4/4/2025 8:20,Friday,8,0,Sunny,Kigamboni,Good,959,
4/9/2025 2:20,Wednesday,2,0,Sunny,Ubungo,Under Construction,432,Market day
4/17/2025 15:27,Thursday,15,0,Sunny,Masaki,Good,485,
4/4/2025 10:36,Friday,10,0,Sunny,Kariakoo,Under Construction,509,
4/1/2025 13:07,Tuesday,13,0,Rainy,Mlimani City,Under Construction,800,
4/14/2025 12:22,Monday,12,0,Sunny,Mlimani City,Good,326,
4/16/2025 13:36,Wednesday,13,0,Sunny,Mlimani City,Good,351,
4/16/2025 16:30,Wednesday,16,0,Cloudy,Mikocheni,Good,947,Market day
4/2/2025 16:44,Wednesday,16,0,Sunny,Mwenge,Good,1120,
4/6/2025 16:33,Sunday,16,0,Sunny,Mwenge,Good,1156,School closing time
4/5/2025 11:48,Saturday,11,0,Rainy,Mikocheni,Good,748,Road accident
4/14/2025 22:50,Monday,22,0,Sunny,Masaki,Good,405,
4/30/2025 9:11,Wednesday,9,0,Sunny,Mikocheni,Good,1069,
4/5/2025 16:52,Saturday,16,0,Rainy,Posta,Good,1051,School closing time
4/27/2025 22:58,Sunday,22,0,Sunny,Masaki,Under Construction,550,
4/15/2025 21:13,Tuesday,21,0,Sunny,Ubungo,Good,181,
4/14/2025 18:31,Monday,18,0,Sunny,Mwenge,Good,701,
4/14/2025 21:42,Monday,21,0,Rainy,Kigamboni,Good,280,School closing time
4/30/2025 0:15,Wednesday,0,0,Rainy,Posta,Good,456,
4/16/2025 1:10,Wednesday,1,0,Sunny,Masaki,Good,211,
4/15/2025 16:39,Tuesday,16,0,Sunny,Mwenge,Good,899,School closing time
4/2/2025 13:04,Wednesday,13,0,Rainy,Posta,Good,631,
4/29/2025 13:07,Tuesday,13,0,Sunny,Ubungo,Good,347,
4/9/2025 11:31,Wednesday,11,0,Sunny,Mikocheni,Good,318,
4/27/2025 1:49,Sunday,1,0,Rainy,Mwenge,Under Construction,845,
4/24/2025 6:44,Thursday,6,0,Sunny,Mikocheni,Good,242,
4/6/2025 16:22,Sunday,16,0,Sunny,Masaki,Good,1054,
4/21/2025 7:47,Monday,7,0,Sunny,Ubungo,Good,1148,
4/21/2025 1:30,Monday,1,0,Sunny,Mikocheni,Under Construction,235,Market day
4/24/2025 18:02,Thursday,18,0,Rainy,Mikocheni,Good,826,
4/23/2025 23:06,Wednesday,23,0,Sunny,Masaki,Good,203,
4/22/2025 8:28,Tuesday,8,0,Sunny,Kariakoo,Good,811,
4/23/2025 19:48,Wednesday,19,0,Rainy,Masaki,Good,898,
4/13/2025 13:30,Sunday,13,0,Rainy,Mwenge,Good,848,Market day
4/12/2025 4:21,Saturday,4,0,Rainy,Masaki,Good,498,Market day
4/10/2025 14:45,Thursday,14,0,Sunny,Posta,Good,306,
4/23/2025 9:19,Wednesday,9,0,Rainy,Mwenge,Good,1232,
4/1/2025 21:19,Tuesday,21,1,Sunny,Masaki,Good,601,
4/22/2025 23:05,Tuesday,23,0,Cloudy,Mikocheni,Under Construction,510,
4/18/2025 7:58,Friday,7,0,Rainy,Mwenge,Flooded,1239,
4/4/2025 5:49,Friday,5,0,Rainy,Mikocheni,Good,259,
4/27/2025 22:43,Sunday,22,0,Sunny,Mlimani City,Good,549,
4/9/2025 23:11,Wednesday,23,0,Cloudy,Kariakoo,Good,420,
4/6/2025 10:19,Sunday,10,0,Cloudy,Kigamboni,Good,341,
4/12/2025 14:51,Saturday,14,0,Rainy,Posta,Good,243,
4/30/2025 14:54,Wednesday,14,0,Sunny,Mwenge,Good,121,School closing time
4/27/2025 13:36,Sunday,13,0,Cloudy,Posta,Good,503,Market day
4/1/2025 12:14,Tuesday,12,1,Sunny,Masaki,Good,399,School closing time
4/9/2025 22:52,Wednesday,22,0,Sunny,Posta,Under Construction,756,
4/17/2025 13:29,Thursday,13,0,Sunny,Ubungo,Good,231,
4/20/2025 17:38,Sunday,17,0,Sunny,Posta,Good,997,
4/8/2025 3:54,Tuesday,3,1,Sunny,Posta,Good,505,
4/2/2025 1:51,Wednesday,1,0,Sunny,Kariakoo,Under Construction,390,
4/14/2025 15:36,Monday,15,0,Sunny,Kigamboni,Good,255,Market day
4/23/2025 10:28,Wednesday,10,0,Rainy,Mwenge,Under Construction,772,School closing time
4/2/2025 11:36,Wednesday,11,0,Sunny,Mikocheni,Good,365,
4/4/2025 18:12,Friday,18,0,Sunny,Mlimani City,Good,805,
4/22/2025 8:59,Tuesday,8,0,Rainy,Kariakoo,Under Construction,1341,
4/24/2025 21:32,Thursday,21,0,Sunny,Mwenge,Good,465,Market day
4/18/2025 0:09,Friday,0,0,Sunny,Mwenge,Flooded,203,
4/10/2025 2:14,Thursday,2,0,Sunny,Mlimani City,Good,124,Concert nearby
4/7/2025 5:21,Monday,5,0,Rainy,Masaki,Good,268,School closing time
4/3/2025 16:01,Thursday,16,0,Sunny,Masaki,Good,768,
4/15/2025 8:35,Tuesday,8,1,Sunny,Kigamboni,Under Construction,1017,
4/11/2025 12:26,Friday,12,0,Sunny,Mikocheni,Under Construction,472,
4/5/2025 13:21,Saturday,13,0,Sunny,Posta,Good,379,
4/3/2025 12:12,Thursday,12,0,Rainy,Mlimani City,Good,458,School closing time
4/28/2025 20:00,Monday,20,0,Sunny,Ubungo,Good,534,
4/20/2025 23:46,Sunday,23,0,Sunny,Mikocheni,Good,89,Market day
4/6/2025 1:10,Sunday,1,0,Sunny,Mwenge,Good,480,
4/19/2025 7:32,Saturday,7,0,Sunny,Mlimani City,Good,1203,
4/13/2025 20:56,Sunday,20,0,Sunny,Ubungo,Good,554,
4/2/2025 5:50,Wednesday,5,0,Rainy,Posta,Good,814,School closing time
4/2/2025 12:25,Wednesday,12,0,Rainy,Posta,Good,527,School closing time
4/25/2025 21:35,Friday,21,0,Cloudy,Kariakoo,Good,305,Road accident
4/4/2025 19:03,Friday,19,1,Rainy,Masaki,Good,1063,School closing time
4/18/2025 22:34,Friday,22,0,Sunny,Kariakoo,Good,158,
4/26/2025 9:46,Saturday,9,0,Cloudy,Mlimani City,Good,1093,
4/21/2025 22:38,Monday,22,0,Rainy,Mwenge,Good,286,
4/6/2025 20:14,Sunday,20,0,Sunny,Posta,Good,381,
4/29/2025 6:48,Tuesday,6,0,Cloudy,Masaki,Good,336,Concert nearby
4/5/2025 8:52,Saturday,8,0,Rainy,Mikocheni,Good,889,
4/10/2025 18:17,Thursday,18,1,Sunny,Mwenge,Under Construction,1048,
4/8/2025 9:08,Tuesday,9,0,Cloudy,Ubungo,Good,1025,Road accident
4/24/2025 17:31,Thursday,17,0,Sunny,Masaki,Good,806,
4/30/2025 22:15,Wednesday,22,0,Rainy,Posta,Under Construction,482,
4/22/2025 23:22,Tuesday,23,0,Sunny,Posta,Good,632,
4/21/2025 19:28,Monday,19,0,Sunny,Masaki,Good,913,
4/15/2025 6:00,Tuesday,6,0,Cloudy,Mlimani City,Good,219,
4/20/2025 1:32,Sunday,1,0,Sunny,Kigamboni,Good,563,
4/7/2025 4:45,Monday,4,0,Sunny,Ubungo,Flooded,391,
4/13/2025 0:25,Sunday,0,0,Sunny,Posta,Good,243,
4/23/2025 22:07,Wednesday,22,0,Sunny,Posta,Good,415,
4/24/2025 17:52,Thursday,17,1,Rainy,Masaki,Good,1431,
4/20/2025 0:08,Sunday,0,0,Rainy,Posta,Good,349,
4/21/2025 1:31,Monday,1,0,Sunny,Mikocheni,Good,470,School closing time
4/18/2025 18:22,Friday,18,1,Sunny,Posta,Good,588,Concert nearby
4/7/2025 13:21,Monday,13,0,Cloudy,Kigamboni,Under Construction,758,
4/8/2025 22:44,Tuesday,22,0,Sunny,Mlimani City,Good,552,
4/11/2025 23:18,Friday,23,1,Sunny,Mwenge,Under Construction,506,
4/6/2025 3:35,Sunday,3,1,Cloudy,Ubungo,Good,457,
4/10/2025 2:37,Thursday,2,0,Rainy,Mwenge,Under Construction,667,Road accident
4/10/2025 15:19,Thursday,15,0,Rainy,Masaki,Good,637,School closing time
4/5/2025 15:31,Saturday,15,0,Cloudy,Mlimani City,Good,606,
4/11/2025 16:10,Friday,16,0,Sunny,Masaki,Good,910,
4/12/2025 10:18,Saturday,10,0,Rainy,Kariakoo,Good,395,
4/10/2025 11:49,Thursday,11,0,Sunny,Masaki,Good,195,Market day
4/18/2025 11:27,Friday,11,0,Sunny,Mlimani City,Good,221,
4/7/2025 7:43,Monday,7,0,Cloudy,Mikocheni,Under Construction,855,
4/4/2025 10:21,Friday,10,0,Sunny,Kigamboni,Flooded,471,School closing time
4/7/2025 10:49,Monday,10,0,Sunny,Masaki,Good,448,
4/27/2025 1:04,Sunday,1,0,Sunny,Kariakoo,Good,516,
4/19/2025 23:39,Saturday,23,0,Sunny,Kigamboni,Good,141,School closing time
4/21/2025 20:43,Monday,20,0,Sunny,Kigamboni,Good,444,Concert nearby
4/16/2025 1:13,Wednesday,1,1,Sunny,Kariakoo,Good,561,Market day
4/6/2025 12:53,Sunday,12,0,Rainy,Kariakoo,Good,285,
4/2/2025 23:03,Wednesday,23,1,Sunny,Mwenge,Good,522,
4/21/2025 20:44,Monday,20,0,Cloudy,Mikocheni,Good,243,
4/9/2025 15:26,Wednesday,15,0,Sunny,Ubungo,Good,458,Road accident
4/18/2025 0:03,Friday,0,0,Sunny,Ubungo,Good,143,
4/1/2025 18:05,Tuesday,18,0,Sunny,Kariakoo,Good,909,
4/18/2025 18:40,Friday,18,0,Rainy,Mikocheni,Good,920,School closing time
4/22/2025 8:35,Tuesday,8,0,Rainy,Mwenge,Good,1112,
4/18/2025 13:17,Friday,13,0,Rainy,Masaki,Good,619,
4/16/2025 20:59,Wednesday,20,0,Sunny,Ubungo,Good,208,
4/10/2025 7:23,Thursday,7,0,Rainy,Mlimani City,Under Construction,1335,School closing time
4/20/2025 17:27,Sunday,17,0,Sunny,Kigamboni,Flooded,831,
4/7/2025 2:36,Monday,2,0,Cloudy,Mwenge,Good,145,
4/5/2025 4:31,Saturday,4,1,Sunny,Mwenge,Good,311,
4/4/2025 15:45,Friday,15,0,Sunny,Ubungo,Good,569,
4/27/2025 4:05,Sunday,4,1,Sunny,Kariakoo,Good,334,
4/22/2025 17:35,Tuesday,17,0,Sunny,Posta,Good,960,Concert nearby
4/5/2025 11:45,Saturday,11,0,Sunny,Mikocheni,Good,496,Road accident
4/5/2025 10:01,Saturday,10,0,Sunny,Mlimani City,Under Construction,536,
4/14/2025 8:30,Monday,8,0,Sunny,Ubungo,Good,1039,Market day
4/17/2025 8:18,Thursday,8,0,Rainy,Mwenge,Flooded,1176,
4/13/2025 12:59,Sunday,12,0,Rainy,Kariakoo,Under Construction,509,
4/12/2025 23:21,Saturday,23,0,Rainy,Mikocheni,Good,581,Market day
4/27/2025 16:40,Sunday,16,0,Rainy,Mikocheni,Good,1062,
4/10/2025 10:35,Thursday,10,0,Sunny,Mwenge,Under Construction,422,
4/5/2025 19:53,Saturday,19,0,Sunny,Kigamboni,Good,707,
4/18/2025 6:15,Friday,6,0,Sunny,Masaki,Good,121,School closing time
4/7/2025 23:34,Monday,23,1,Sunny,Kariakoo,Under Construction,312,
4/3/2025 23:18,Thursday,23,0,Rainy,Mikocheni,Good,306,School closing time
4/26/2025 17:37,Saturday,17,0,Sunny,Kariakoo,Good,1091,
4/8/2025 14:59,Tuesday,14,0,Rainy,Mikocheni,Good,412,
4/29/2025 8:18,Tuesday,8,0,Sunny,Mwenge,Under Construction,938,
4/28/2025 8:34,Monday,8,0,Rainy,Masaki,Good,954,Concert nearby
4/16/2025 18:04,Wednesday,18,1,Rainy,Mikocheni,Good,630,Concert nearby
4/22/2025 8:33,Tuesday,8,0,Rainy,Mwenge,Good,1012,
4/6/2025 2:38,Sunday,2,0,Sunny,Ubungo,Good,120,
4/12/2025 6:32,Saturday,6,0,Sunny,Mikocheni,Flooded,492,
4/20/2025 16:46,Sunday,16,0,Cloudy,Mlimani City,Good,694,
4/14/2025 8:45,Monday,8,1,Rainy,Posta,Good,810,
4/4/2025 14:56,Friday,14,0,Rainy,Ubungo,Under Construction,453,
4/16/2025 10:09,Wednesday,10,0,Sunny,Mwenge,Good,306,
4/23/2025 9:18,Wednesday,9,0,Rainy,Kigamboni,Good,1301,Market day
4/14/2025 2:45,Monday,2,0,Rainy,Mwenge,Under Construction,831,
4/30/2025 20:38,Wednesday,20,0,Sunny,Ubungo,Flooded,700,
4/20/2025 9:29,Sunday,9,0,Rainy,Kigamboni,Under Construction,1554,
4/20/2025 5:54,Sunday,5,1,Sunny,Kigamboni,Good,319,
4/20/2025 18:56,Sunday,18,0,Cloudy,Ubungo,Good,838,
4/4/2025 8:26,Friday,8,0,Rainy,Mlimani City,Good,780,
4/29/2025 8:58,Tuesday,8,0,Sunny,Masaki,Good,736,
4/20/2025 14:24,Sunday,14,0,Sunny,Posta,Good,83,Market day
4/1/2025 7:06,Tuesday,7,0,Rainy,Masaki,Good,905,Market day
4/6/2025 21:23,Sunday,21,0,Sunny,Posta,Good,607,Road accident
4/25/2025 18:05,Friday,18,1,Sunny,Posta,Good,1173,
4/1/2025 6:34,Tuesday,6,0,Rainy,Ubungo,Good,422,
4/24/2025 16:24,Thursday,16,0,Cloudy,Kigamboni,Under Construction,825,School closing time
4/13/2025 7:07,Sunday,7,0,Sunny,Posta,Good,971,
4/1/2025 16:12,Tuesday,16,0,Rainy,Kigamboni,Under Construction,1307,
4/16/2025 3:21,Wednesday,3,0,Sunny,Masaki,Under Construction,495,
4/21/2025 20:39,Monday,20,0,Sunny,Masaki,Good,510,
4/25/2025 23:03,Friday,23,0,Rainy,Mlimani City,Under Construction,638,Concert nearby
4/12/2025 6:43,Saturday,6,0,Rainy,Masaki,Good,586,
4/21/2025 23:03,Monday,23,0,Sunny,Mlimani City,Good,175,
4/20/2025 11:03,Sunday,11,1,Rainy,Mikocheni,Under Construction,824,
4/9/2025 2:40,Wednesday,2,0,Rainy,Mwenge,Good,678,
4/3/2025 4:48,Thursday,4,0,Sunny,Mlimani City,Good,76,
4/17/2025 11:31,Thursday,11,0,Sunny,Mwenge,Under Construction,529,School closing time
4/3/2025 11:51,Thursday,11,0,Cloudy,Mwenge,Good,94,Market day
4/29/2025 17:28,Tuesday,17,0,Sunny,Mlimani City,Good,815,
4/21/2025 15:47,Monday,15,0,Rainy,Mikocheni,Under Construction,508,
4/21/2025 9:43,Monday,9,0,Rainy,Kigamboni,Good,1034,
4/25/2025 18:18,Friday,18,0,Sunny,Masaki,Good,980,
4/23/2025 18:51,Wednesday,18,0,Sunny,Kariakoo,Good,760,
4/25/2025 2:30,Friday,2,0,Sunny,Ubungo,Good,465,
4/26/2025 10:31,Saturday,10,0,Rainy,Mwenge,Good,580,
4/26/2025 23:37,Saturday,23,0,Rainy,Kigamboni,Good,744,
4/25/2025 1:57,Friday,1,1,Sunny,Posta,Good,457,
4/5/2025 16:20,Saturday,16,0,Rainy,Kigamboni,Good,1012,
4/18/2025 19:25,Friday,19,1,Cloudy,Ubungo,Good,645,Market day
4/18/2025 18:48,Friday,18,0,Rainy,Kariakoo,Good,965,School closing time
4/4/2025 23:16,Friday,23,0,Rainy,Kigamboni,Good,514,
4/13/2025 21:08,Sunday,21,0,Sunny,Kariakoo,Good,533,Concert nearby
4/11/2025 14:50,Friday,14,0,Sunny,Kariakoo,Good,477,Market day
4/20/2025 0:28,Sunday,0,0,Sunny,Kariakoo,Good,233,School closing time
4/24/2025 19:23,Thursday,19,0,Rainy,Posta,Good,1003,
4/11/2025 23:27,Friday,23,0,Sunny,Masaki,Good,555,Concert nearby
4/30/2025 22:19,Wednesday,22,0,Rainy,Kariakoo,Good,356,
4/24/2025 3:41,Thursday,3,0,Sunny,Masaki,Under Construction,367,
4/8/2025 4:01,Tuesday,4,0,Rainy,Mlimani City,Good,477,Concert nearby
4/7/2025 8:15,Monday,8,0,Rainy,Masaki,Good,660,
4/1/2025 4:43,Tuesday,4,0,Rainy,Mikocheni,Good,381,School closing time
4/9/2025 10:11,Wednesday,10,0,Rainy,Masaki,Under Construction,964,
4/19/2025 20:00,Saturday,20,0,Sunny,Ubungo,Good,129,
4/19/2025 7:31,Saturday,7,0,Sunny,Mlimani City,Flooded,1194,
4/3/2025 21:41,Thursday,21,0,Rainy,Kigamboni,Good,669,Road accident
4/11/2025 8:31,Friday,8,0,Sunny,Posta,Good,1293,
4/27/2025 7:51,Sunday,7,0,Rainy,Mlimani City,Good,760,
4/7/2025 23:02,Monday,23,0,Sunny,Kigamboni,Good,566,
4/5/2025 10:08,Saturday,10,0,Sunny,Ubungo,Under Construction,561,
4/2/2025 16:35,Wednesday,16,0,Sunny,Kigamboni,Good,994,School closing time
4/12/2025 11:13,Saturday,11,0,Rainy,Kigamboni,Good,460,Market day
4/25/2025 18:09,Friday,18,0,Sunny,Mikocheni,Good,950,Market day
4/6/2025 10:18,Sunday,10,0,Cloudy,Kariakoo,Good,534,
4/5/2025 4:12,Saturday,4,0,Sunny,Masaki,Good,323,Road accident
4/14/2025 18:24,Monday,18,0,Sunny,Ubungo,Good,773,
4/20/2025 19:06,Sunday,19,0,Sunny,Mikocheni,Under Construction,1186,Concert nearby
4/30/2025 2:48,Wednesday,2,0,Rainy,Posta,Good,411,
4/13/2025 1:12,Sunday,1,0,Sunny,Kariakoo,Good,140,
4/17/2025 6:06,Thursday,6,0,Sunny,Ubungo,Good,413,
4/7/2025 20:56,Monday,20,1,Sunny,Kigamboni,Good,243,
4/20/2025 20:51,Sunday,20,0,Sunny,Kariakoo,Good,83,School closing time
4/17/2025 8:20,Thursday,8,0,Sunny,Mlimani City,Under Construction,855,
4/4/2025 4:36,Friday,4,0,Sunny,Kariakoo,Good,454,School closing time
4/5/2025 19:04,Saturday,19,0,Sunny,Mlimani City,Good,986,
4/1/2025 18:23,Tuesday,18,0,Rainy,Mwenge,Good,1110,
4/27/2025 17:11,Sunday,17,0,Sunny,Kariakoo,Good,967,
4/27/2025 11:23,Sunday,11,0,Rainy,Kigamboni,Under Construction,874,
4/30/2025 13:54,Wednesday,13,0,Sunny,Posta,Good,538,
4/8/2025 8:28,Tuesday,8,0,Sunny,Mikocheni,Flooded,689,
4/20/2025 13:22,Sunday,13,0,Rainy,Masaki,Good,778,School closing time
4/14/2025 12:02,Monday,12,0,Cloudy,Masaki,Under Construction,786,
4/4/2025 6:20,Friday,6,1,Sunny,Masaki,Good,232,
4/20/2025 13:24,Sunday,13,0,Rainy,Mikocheni,Under Construction,532,Road accident
4/1/2025 5:29,Tuesday,5,0,Rainy,Kigamboni,Good,359,
4/27/2025 8:58,Sunday,8,0,Rainy,Mikocheni,Good,1338,
4/30/2025 1:41,Wednesday,1,0,Rainy,Posta,Good,546,
4/25/2025 18:56,Friday,18,0,Rainy,Posta,Good,1079,Road accident
4/6/2025 20:49,Sunday,20,0,Rainy,Mikocheni,Good,325,
4/22/2025 4:55,Tuesday,4,0,Sunny,Mikocheni,Good,612,
4/1/2025 4:17,Tuesday,4,0,Sunny,Ubungo,Good,251,
4/17/2025 7:27,Thursday,7,0,Cloudy,Ubungo,Good,1192,School closing time
4/7/2025 3:39,Monday,3,0,Sunny,Ubungo,Good,200,Market day
4/13/2025 2:21,Sunday,2,0,Rainy,Mlimani City,Good,631,Market day
4/2/2025 15:43,Wednesday,15,0,Rainy,Mikocheni,Good,486,
4/24/2025 2:23,Thursday,2,0,Sunny,Kigamboni,Good,212,
4/20/2025 18:19,Sunday,18,0,Sunny,Kariakoo,Flooded,1009,
4/9/2025 23:17,Wednesday,23,0,Sunny,Mlimani City,Good,378,
4/9/2025 2:04,Wednesday,2,0,Rainy,Mwenge,Good,584,School closing time
4/10/2025 4:57,Thursday,4,0,Sunny,Mwenge,Good,293,
4/28/2025 10:36,Monday,10,1,Sunny,Ubungo,Good,162,School closing time
4/7/2025 15:18,Monday,15,0,Rainy,Ubungo,Good,344,
4/11/2025 9:00,Friday,9,1,Sunny,Ubungo,Good,1154,Road accident
4/9/2025 16:51,Wednesday,16,0,Rainy,Kigamboni,Good,1011,
4/4/2025 22:22,Friday,22,0,Rainy,Kigamboni,Good,457,
4/20/2025 6:34,Sunday,6,0,Sunny,Mlimani City,Good,110,
4/4/2025 3:23,Friday,3,0,Rainy,Masaki,Flooded,812,
4/13/2025 11:58,Sunday,11,0,Sunny,Kariakoo,Good,329,
4/30/2025 1:09,Wednesday,1,0,Sunny,Kariakoo,Good,217,Concert nearby
4/17/2025 10:14,Thursday,10,0,Sunny,Mwenge,Good,413,
4/6/2025 23:04,Sunday,23,0,Sunny,Ubungo,Good,288,
4/10/2025 7:12,Thursday,7,0,Sunny,Mlimani City,Good,516,Concert nearby
4/3/2025 15:00,Thursday,15,0,Rainy,Kigamboni,Good,493,
4/8/2025 13:22,Tuesday,13,1,Cloudy,Masaki,Flooded,244,
4/16/2025 1:28,Wednesday,1,0,Sunny,Ubungo,Good,532,
4/3/2025 4:32,Thursday,4,0,Sunny,Kariakoo,Good,372,
4/5/2025 16:15,Saturday,16,0,Sunny,Kigamboni,Flooded,1121,
4/2/2025 8:02,Wednesday,8,0,Sunny,Mlimani City,Good,607,
4/11/2025 13:16,Friday,13,0,Sunny,Kariakoo,Good,457,
4/8/2025 20:33,Tuesday,20,0,Rainy,Kigamboni,Under Construction,718,
4/8/2025 7:33,Tuesday,7,0,Sunny,Posta,Good,603,Concert nearby
4/25/2025 20:00,Friday,20,0,Sunny,Kariakoo,Good,101,
4/26/2025 21:38,Saturday,21,0,Rainy,Mlimani City,Good,653,Road accident
4/25/2025 13:21,Friday,13,0,Rainy,Mlimani City,Good,498,
4/8/2025 21:58,Tuesday,21,0,Sunny,Mikocheni,Under Construction,495,
4/27/2025 13:41,Sunday,13,0,Sunny,Mlimani City,Good,273,
4/26/2025 15:25,Saturday,15,0,Rainy,Mlimani City,Good,271,
4/19/2025 18:34,Saturday,18,0,Cloudy,Kariakoo,Good,694,
4/30/2025 10:50,Wednesday,10,0,Sunny,Posta,Under Construction,364,
4/6/2025 6:34,Sunday,6,0,Sunny,Mikocheni,Good,110,
4/20/2025 20:59,Sunday,20,0,Sunny,Kariakoo,Good,433,
4/30/2025 10:59,Wednesday,10,0,Rainy,Mwenge,Good,704,Market day
4/2/2025 9:31,Wednesday,9,0,Sunny,Kariakoo,Good,970,
4/19/2025 13:14,Saturday,13,0,Rainy,Mlimani City,Good,318,
4/5/2025 18:41,Saturday,18,0,Sunny,Ubungo,Good,644,School closing time
4/26/2025 12:27,Saturday,12,0,Sunny,Kariakoo,Under Construction,360,Market day
4/1/2025 23:04,Tuesday,23,0,Cloudy,Mikocheni,Good,382,Market day
4/21/2025 20:58,Monday,20,0,Sunny,Kariakoo,Good,154,
4/1/2025 13:16,Tuesday,13,0,Rainy,Posta,Good,719,
4/21/2025 20:36,Monday,20,1,Cloudy,Mikocheni,Good,209,Market day
4/21/2025 7:03,Monday,7,0,Cloudy,Mwenge,Under Construction,1142,
4/18/2025 8:50,Friday,8,0,Rainy,Mwenge,Flooded,1639,
4/8/2025 12:22,Tuesday,12,0,Sunny,Masaki,Good,410,Market day
4/5/2025 12:57,Saturday,12,0,Sunny,Mwenge,Good,547,Market day
4/28/2025 8:05,Monday,8,0,Sunny,Posta,Good,965,Market day
4/3/2025 8:24,Thursday,8,0,Sunny,Mlimani City,Good,575,Road accident
4/24/2025 8:37,Thursday,8,0,Sunny,Masaki,Good,844,
4/29/2025 11:25,Tuesday,11,0,Sunny,Ubungo,Good,214,
4/19/2025 13:21,Saturday,13,0,Sunny,Mikocheni,Good,430,Concert nearby
4/5/2025 18:44,Saturday,18,0,Sunny,Kariakoo,Under Construction,1089,
4/30/2025 1:52,Wednesday,1,0,Cloudy,Mwenge,Good,421,
4/14/2025 22:28,Monday,22,0,Sunny,Mikocheni,Good,480,
4/29/2025 15:09,Tuesday,15,0,Rainy,Posta,Good,426,
4/13/2025 13:58,Sunday,13,0,Sunny,Posta,Good,432,
4/21/2025 4:08,Monday,4,0,Sunny,Masaki,Good,546,
4/11/2025 12:01,Friday,12,0,Cloudy,Mwenge,Good,276,
4/6/2025 23:55,Sunday,23,0,Cloudy,Ubungo,Good,597,
4/25/2025 3:36,Friday,3,0,Sunny,Posta,Good,371,
4/27/2025 9:05,Sunday,9,0,Sunny,Masaki,Under Construction,795,
4/8/2025 22:11,Tuesday,22,0,Rainy,Mwenge,Good,322,Road accident
4/29/2025 13:40,Tuesday,13,1,Rainy,Posta,Good,423,
4/2/2025 4:23,Wednesday,4,1,Sunny,Ubungo,Good,405,
4/13/2025 21:18,Sunday,21,0,Cloudy,Kigamboni,Good,302,
4/10/2025 13:01,Thursday,13,0,Cloudy,Mlimani City,Good,487,
4/26/2025 15:10,Saturday,15,1,Rainy,Mwenge,Flooded,690,
4/1/2025 5:56,Tuesday,5,0,Sunny,Kigamboni,Good,151,
4/8/2025 5:05,Tuesday,5,0,Sunny,Mlimani City,Good,364,
4/28/2025 23:00,Monday,23,0,Sunny,Mikocheni,Good,182,Concert nearby
4/14/2025 20:25,Monday,20,0,Sunny,Mikocheni,Good,137,
4/13/2025 6:17,Sunday,6,0,Rainy,Kigamboni,Good,683,Concert nearby
4/4/2025 9:30,Friday,9,0,Sunny,Masaki,Good,620,
4/30/2025 22:09,Wednesday,22,1,Sunny,Posta,Good,550,Road accident
4/6/2025 1:26,Sunday,1,0,Sunny,Kariakoo,Under Construction,579,
4/18/2025 22:48,Friday,22,1,Cloudy,Mwenge,Good,117,Market day
4/22/2025 8:58,Tuesday,8,0,Sunny,Mlimani City,Good,725,
4/24/2025 13:03,Thursday,13,0,Sunny,Mlimani City,Good,177,
4/3/2025 5:59,Thursday,5,0,Rainy,Kigamboni,Good,738,
4/14/2025 21:02,Monday,21,0,Sunny,Kigamboni,Flooded,298,
4/8/2025 9:23,Tuesday,9,1,Rainy,Ubungo,Good,1186,School closing time
4/30/2025 5:15,Wednesday,5,0,Rainy,Mwenge,Good,719,
4/29/2025 19:48,Tuesday,19,0,Rainy,Masaki,Good,879,
4/30/2025 14:49,Wednesday,14,0,Sunny,Mwenge,Under Construction,603,
4/2/2025 6:43,Wednesday,6,0,Rainy,Kariakoo,Good,661,
4/17/2025 22:26,Thursday,22,0,Sunny,Mwenge,Good,542,
4/16/2025 21:05,Wednesday,21,0,Sunny,Mlimani City,Flooded,614,
4/30/2025 8:39,Wednesday,8,0,Sunny,Masaki,Good,1059,
4/3/2025 0:46,Thursday,0,0,Cloudy,Mlimani City,Flooded,751,
4/10/2025 12:08,Thursday,12,0,Sunny,Kariakoo,Good,154,
4/27/2025 21:07,Sunday,21,0,Rainy,Mwenge,Under Construction,724,
4/25/2025 17:30,Friday,17,0,Sunny,Posta,Good,992,
4/10/2025 19:04,Thursday,19,0,Rainy,Kigamboni,Good,1166,
4/7/2025 11:54,Monday,11,0,Rainy,Mikocheni,Good,676,School closing time
4/23/2025 19:21,Wednesday,19,0,Sunny,Mikocheni,Good,810,School closing time
4/25/2025 21:57,Friday,21,0,Sunny,Kigamboni,Under Construction,627,
4/8/2025 14:57,Tuesday,14,0,Rainy,Mikocheni,Good,763,
4/25/2025 10:50,Friday,10,0,Sunny,Mikocheni,Good,245,Road accident
4/1/2025 3:23,Tuesday,3,1,Rainy,Mlimani City,Good,429,School closing time
4/17/2025 3:13,Thursday,3,0,Sunny,Posta,Under Construction,385,Market day
4/23/2025 2:26,Wednesday,2,0,Sunny,Mikocheni,Good,191,School closing time
4/17/2025 1:00,Thursday,1,0,Sunny,Kariakoo,Flooded,369,
4/28/2025 23:22,Monday,23,0,Cloudy,Mlimani City,Good,240,
4/15/2025 22:11,Tuesday,22,0,Rainy,Masaki,Good,497,
4/5/2025 5:28,Saturday,5,0,Sunny,Mikocheni,Good,558,
4/25/2025 3:28,Friday,3,0,Sunny,Ubungo,Under Construction,580,
4/4/2025 21:18,Friday,21,0,Sunny,Ubungo,Under Construction,600,
4/4/2025 10:53,Friday,10,0,Rainy,Kariakoo,Good,505,
4/22/2025 11:54,Tuesday,11,0,Rainy,Mwenge,Good,659,Concert nearby
4/14/2025 7:33,Monday,7,0,Rainy,Mwenge,Under Construction,1544,
4/23/2025 14:56,Wednesday,14,0,Sunny,Kigamboni,Good,235,Road accident
4/26/2025 10:46,Saturday,10,1,Sunny,Kariakoo,Good,448,Market day
4/7/2025 1:41,Monday,1,0,Sunny,Ubungo,Good,556,
4/12/2025 20:57,Saturday,20,1,Sunny,Masaki,Good,295,
4/15/2025 18:36,Tuesday,18,1,Sunny,Posta,Good,867,Market day
4/23/2025 20:11,Wednesday,20,0,Sunny,Mwenge,Good,313,Market day
4/20/2025 15:35,Sunday,15,0,Sunny,Mlimani City,Under Construction,590,
4/3/2025 1:31,Thursday,1,0,Cloudy,Mlimani City,Good,552,
4/21/2025 6:39,Monday,6,0,Sunny,Masaki,Under Construction,675,School closing time
4/23/2025 16:15,Wednesday,16,0,Sunny,Mlimani City,Flooded,1115,Road accident
4/20/2025 4:27,Sunday,4,0,Sunny,Mwenge,Under Construction,336,Market day
4/14/2025 13:11,Monday,13,0,Sunny,Mlimani City,Good,372,
4/28/2025 5:12,Monday,5,0,Cloudy,Mwenge,Good,491,
4/7/2025 19:50,Monday,19,0,Sunny,Mwenge,Good,908,School closing time
4/26/2025 23:01,Saturday,23,0,Sunny,Ubungo,Flooded,652,Market day
4/24/2025 9:08,Thursday,9,0,Sunny,Kigamboni,Good,989,
4/19/2025 2:48,Saturday,2,0,Sunny,Mlimani City,Good,521,Market day
4/16/2025 3:56,Wednesday,3,0,Sunny,Kariakoo,Under Construction,383,
4/3/2025 15:23,Thursday,15,0,Rainy,Masaki,Good,411,
4/13/2025 6:02,Sunday,6,0,Cloudy,Mlimani City,Good,437,School closing time
4/5/2025 16:29,Saturday,16,0,Sunny,Mikocheni,Good,1231,
4/29/2025 19:39,Tuesday,19,0,Sunny,Ubungo,Good,688,
4/6/2025 10:59,Sunday,10,0,Sunny,Kariakoo,Good,553,School closing time
4/11/2025 13:21,Friday,13,0,Sunny,Kariakoo,Under Construction,368,
4/18/2025 7:01,Friday,7,0,Cloudy,Ubungo,Good,775,Market day
4/11/2025 6:52,Friday,6,0,Rainy,Posta,Under Construction,466,Road accident
4/16/2025 5:44,Wednesday,5,0,Sunny,Mlimani City,Good,128,Market day
4/28/2025 19:24,Monday,19,1,Rainy,Posta,Good,1097,
4/3/2025 10:54,Thursday,10,0,Cloudy,Mwenge,Good,625,Road accident
4/8/2025 18:39,Tuesday,18,0,Sunny,Posta,Good,683,
4/28/2025 2:36,Monday,2,0,Sunny,Mwenge,Good,171,
4/21/2025 11:59,Monday,11,0,Rainy,Ubungo,Good,883,
4/16/2025 12:47,Wednesday,12,0,Cloudy,Masaki,Good,86,
4/25/2025 12:40,Friday,12,0,Sunny,Ubungo,Flooded,659,
4/3/2025 22:18,Thursday,22,1,Sunny,Mlimani City,Flooded,556,
4/9/2025 22:28,Wednesday,22,0,Sunny,Kigamboni,Good,428,School closing time
4/19/2025 23:25,Saturday,23,0,Rainy,Kariakoo,Under Construction,1050,School closing time
4/29/2025 23:27,Tuesday,23,0,Rainy,Ubungo,Good,472,
4/24/2025 21:55,Thursday,21,0,Sunny,Posta,Good,323,
4/16/2025 1:44,Wednesday,1,0,Sunny,Masaki,Good,558,
4/18/2025 0:54,Friday,0,0,Rainy,Mlimani City,Under Construction,731,School closing time
4/27/2025 16:29,Sunday,16,0,Sunny,Posta,Good,1317,
4/28/2025 2:22,Monday,2,1,Sunny,Mikocheni,Good,503,School closing time
4/17/2025 7:33,Thursday,7,0,Sunny,Kariakoo,Good,607,
4/18/2025 13:58,Friday,13,0,Rainy,Ubungo,Good,660,Road accident
4/24/2025 22:17,Thursday,22,1,Sunny,Mwenge,Good,348,
4/25/2025 14:37,Friday,14,0,Rainy,Mikocheni,Good,482,
4/21/2025 2:58,Monday,2,0,Sunny,Mikocheni,Good,121,
4/7/2025 13:09,Monday,13,0,Sunny,Kariakoo,Under Construction,314,
4/27/2025 2:42,Sunday,2,0,Rainy,Posta,Good,599,
4/12/2025 3:54,Saturday,3,0,Sunny,Masaki,Good,177,
4/26/2025 17:32,Saturday,17,0,Sunny,Mwenge,Good,1053,Market day
4/5/2025 3:07,Saturday,3,0,Rainy,Masaki,Good,531,
4/9/2025 1:40,Wednesday,1,0,Rainy,Kigamboni,Under Construction,495,
4/5/2025 17:39,Saturday,17,0,Sunny,Masaki,Good,1079,
4/16/2025 0:40,Wednesday,0,0,Rainy,Kigamboni,Flooded,743,
4/23/2025 9:58,Wednesday,9,0,Sunny,Masaki,Good,715,
4/21/2025 18:14,Monday,18,0,Rainy,Mwenge,Good,1034,School closing time
4/12/2025 15:58,Saturday,15,0,Rainy,Masaki,Flooded,542,
4/15/2025 8:24,Tuesday,8,0,Sunny,Ubungo,Good,1056,School closing time
4/29/2025 10:34,Tuesday,10,0,Sunny,Kigamboni,Good,382,
4/16/2025 8:44,Wednesday,8,0,Sunny,Posta,Good,1077,Road accident
4/11/2025 5:13,Friday,5,0,Sunny,Masaki,Under Construction,598,
4/27/2025 0:21,Sunday,0,0,Rainy,Mlimani City,Good,479,Road accident
4/21/2025 3:31,Monday,3,0,Sunny,Mikocheni,Good,387,
4/22/2025 19:54,Tuesday,19,0,Sunny,Kigamboni,Flooded,894,
4/21/2025 9:08,Monday,9,1,Sunny,Ubungo,Good,1036,
4/18/2025 14:59,Friday,14,0,Sunny,Mwenge,Good,439,
4/29/2025 1:23,Tuesday,1,0,Sunny,Mikocheni,Flooded,334,
4/15/2025 20:18,Tuesday,20,0,Rainy,Mlimani City,Good,750,
4/28/2025 17:03,Monday,17,0,Rainy,Ubungo,Good,925,
4/25/2025 4:31,Friday,4,0,Sunny,Masaki,Good,517,
4/22/2025 6:53,Tuesday,6,0,Sunny,Mlimani City,Good,420,Concert nearby
4/5/2025 17:23,Saturday,17,0,Sunny,Kariakoo,Good,1107,
4/29/2025 2:41,Tuesday,2,0,Rainy,Mikocheni,Good,453,School closing time
4/8/2025 22:15,Tuesday,22,0,Rainy,Ubungo,Under Construction,870,
4/6/2025 10:43,Sunday,10,0,Cloudy,Mlimani City,Under Construction,461,Concert nearby
4/3/2025 16:48,Thursday,16,1,Cloudy,Mlimani City,Good,880,Road accident
4/3/2025 12:23,Thursday,12,0,Rainy,Kariakoo,Good,665,
4/29/2025 16:50,Tuesday,16,0,Rainy,Masaki,Good,1187,Market day
4/3/2025 3:52,Thursday,3,0,Rainy,Mlimani City,Good,741,School closing time
4/3/2025 5:36,Thursday,5,0,Sunny,Posta,Good,298,
4/24/2025 22:44,Thursday,22,0,Sunny,Kigamboni,Good,221,Market day
4/9/2025 7:36,Wednesday,7,0,Sunny,Mikocheni,Good,767,
4/12/2025 20:31,Saturday,20,0,Sunny,Mikocheni,Good,370,
4/16/2025 13:06,Wednesday,13,0,Rainy,Mwenge,Good,402,
4/12/2025 15:37,Saturday,15,0,Rainy,Posta,Good,628,Market day
4/17/2025 10:45,Thursday,10,0,Rainy,Masaki,Under Construction,778,Market day
4/21/2025 20:48,Monday,20,0,Sunny,Ubungo,Good,267,Road accident
4/1/2025 16:06,Tuesday,16,0,Sunny,Ubungo,Good,544,
4/7/2025 23:16,Monday,23,0,Sunny,Kigamboni,Good,435,Market day
4/11/2025 11:13,Friday,11,0,Rainy,Kigamboni,Good,847,
4/14/2025 1:44,Monday,1,0,Sunny,Mwenge,Under Construction,580,
4/20/2025 16:56,Sunday,16,0,Sunny,Masaki,Under Construction,941,
4/6/2025 17:47,Sunday,17,0,Sunny,Mikocheni,Good,524,
4/16/2025 13:19,Wednesday,13,0,Rainy,Mlimani City,Good,414,
4/18/2025 12:07,Friday,12,0,Sunny,Posta,Under Construction,291,
4/30/2025 9:26,Wednesday,9,0,Rainy,Mwenge,Good,843,
4/12/2025 18:17,Saturday,18,0,Sunny,Kigamboni,Good,715,
4/12/2025 19:22,Saturday,19,0,Sunny,Kigamboni,Good,822,Concert nearby
4/22/2025 7:52,Tuesday,7,0,Rainy,Mlimani City,Good,795,Market day
4/12/2025 12:53,Saturday,12,0,Sunny,Masaki,Good,357,Concert nearby
4/5/2025 4:26,Saturday,4,0,Sunny,Posta,Good,270,
4/28/2025 22:22,Monday,22,0,Sunny,Mlimani City,Good,589,Market day
4/25/2025 1:51,Friday,1,1,Rainy,Ubungo,Good,769,
4/27/2025 11:59,Sunday,11,1,Sunny,Mlimani City,Good,515,
4/9/2025 20:43,Wednesday,20,0,Cloudy,Mlimani City,Good,526,
4/4/2025 3:00,Friday,3,0,Sunny,Posta,Good,573,Road accident
4/22/2025 17:49,Tuesday,17,0,Sunny,Mikocheni,Good,842,
4/24/2025 23:53,Thursday,23,0,Rainy,Kigamboni,Good,602,School closing time
4/28/2025 11:48,Monday,11,0,Sunny,Mikocheni,Good,188,
4/11/2025 20:03,Friday,20,0,Rainy,Mikocheni,Under Construction,405,
4/25/2025 3:59,Friday,3,0,Sunny,Mlimani City,Good,211,
4/2/2025 13:02,Wednesday,13,0,Sunny,Mlimani City,Good,358,Market day
4/24/2025 19:11,Thursday,19,0,Rainy,Mlimani City,Good,803,
4/19/2025 19:40,Saturday,19,0,Cloudy,Kigamboni,Good,603,School closing time
4/28/2025 10:04,Monday,10,0,Sunny,Mikocheni,Under Construction,340,
4/16/2025 18:42,Wednesday,18,0,Sunny,Kariakoo,Good,1105,
4/26/2025 7:25,Saturday,7,0,Sunny,Posta,Good,596,Market day
4/11/2025 15:44,Friday,15,0,Rainy,Mwenge,Under Construction,650,
4/22/2025 6:14,Tuesday,6,0,Cloudy,Mlimani City,Good,215,
4/27/2025 20:06,Sunday,20,0,Cloudy,Mikocheni,Under Construction,425,
4/7/2025 7:48,Monday,7,1,Rainy,Mikocheni,Good,1109,
4/10/2025 4:46,Thursday,4,0,Rainy,Mlimani City,Good,698,
4/14/2025 21:27,Monday,21,0,Rainy,Mwenge,Good,685,
4/29/2025 0:53,Tuesday,0,1,Sunny,Mwenge,Good,110,
4/15/2025 1:43,Tuesday,1,1,Cloudy,Kariakoo,Good,250,
4/3/2025 12:47,Thursday,12,0,Sunny,Mwenge,Under Construction,412,
4/1/2025 23:29,Tuesday,23,0,Sunny,Posta,Good,79,Market day
4/5/2025 0:26,Saturday,0,0,Rainy,Kariakoo,Good,212,
4/27/2025 9:09,Sunday,9,0,Rainy,Masaki,Under Construction,992,School closing time
4/2/2025 22:27,Wednesday,22,1,Sunny,Ubungo,Good,354,School closing time
4/25/2025 2:07,Friday,2,0,Rainy,Mikocheni,Good,560,
4/17/2025 14:57,Thursday,14,0,Sunny,Mlimani City,Good,164,
4/13/2025 3:17,Sunday,3,0,Rainy,Mikocheni,Good,470,
4/19/2025 18:04,Saturday,18,0,Rainy,Kigamboni,Under Construction,1144,
4/19/2025 22:31,Saturday,22,0,Sunny,Kigamboni,Good,232,
4/29/2025 20:56,Tuesday,20,0,Sunny,Mikocheni,Flooded,340,
4/26/2025 14:19,Saturday,14,0,Sunny,Kariakoo,Good,510,
4/26/2025 20:33,Saturday,20,0,Rainy,Kigamboni,Under Construction,682,
4/22/2025 8:56,Tuesday,8,0,Sunny,Mlimani City,Good,856,
4/8/2025 5:56,Tuesday,5,0,Sunny,Kigamboni,Good,561,
4/10/2025 17:23,Thursday,17,0,Sunny,Ubungo,Good,663,
4/27/2025 19:20,Sunday,19,0,Sunny,Posta,Good,1142,Market day
4/14/2025 8:44,Monday,8,0,Sunny,Mlimani City,Good,931,
4/25/2025 19:43,Friday,19,0,Sunny,Mikocheni,Good,1025,
4/3/2025 10:46,Thursday,10,0,Sunny,Posta,Good,527,Concert nearby
4/13/2025 3:32,Sunday,3,0,Sunny,Mlimani City,Good,526,
4/28/2025 22:00,Monday,22,1,Sunny,Kariakoo,Good,286,
4/15/2025 16:57,Tuesday,16,0,Sunny,Mwenge,Good,983,
4/7/2025 14:42,Monday,14,0,Rainy,Posta,Under Construction,412,
4/18/2025 15:32,Friday,15,0,Sunny,Mwenge,Good,225,
4/23/2025 15:05,Wednesday,15,0,Rainy,Kariakoo,Good,660,
4/3/2025 6:53,Thursday,6,0,Sunny,Posta,Good,165,
4/14/2025 15:59,Monday,15,0,Sunny,Posta,Flooded,594,School closing time
4/6/2025 19:04,Sunday,19,0,Sunny,Mwenge,Under Construction,982,
4/1/2025 17:16,Tuesday,17,0,Rainy,Masaki,Good,1232,
4/20/2025 9:54,Sunday,9,0,Cloudy,Mikocheni,Good,698,
4/13/2025 19:47,Sunday,19,0,Sunny,Masaki,Good,673,
4/13/2025 7:04,Sunday,7,0,Rainy,Kigamboni,Good,1211,
4/17/2025 1:50,Thursday,1,0,Cloudy,Mwenge,Good,498,
4/14/2025 22:24,Monday,22,0,Cloudy,Mikocheni,Under Construction,600,
4/30/2025 3:32,Wednesday,3,0,Sunny,Posta,Good,271,Road accident
4/7/2025 2:53,Monday,2,0,Cloudy,Posta,Good,486,Market day
4/7/2025 2:20,Monday,2,1,Sunny,Mlimani City,Good,253,
4/8/2025 12:09,Tuesday,12,0,Sunny,Mwenge,Under Construction,373,
4/12/2025 9:00,Saturday,9,0,Sunny,Kigamboni,Good,458,
4/17/2025 13:17,Thursday,13,0,Rainy,Ubungo,Good,372,
4/27/2025 9:11,Sunday,9,0,Sunny,Masaki,Under Construction,1000,Road accident
4/28/2025 5:56,Monday,5,0,Sunny,Ubungo,Good,263,
4/20/2025 0:24,Sunday,0,0,Sunny,Mlimani City,Good,200,School closing time
4/26/2025 21:37,Saturday,21,0,Sunny,Kariakoo,Good,325,
4/11/2025 17:56,Friday,17,0,Rainy,Mlimani City,Flooded,1106,
4/30/2025 0:41,Wednesday,0,0,Sunny,Ubungo,Good,149,Market day
4/13/2025 23:14,Sunday,23,0,Sunny,Mikocheni,Good,533,Market day
4/21/2025 21:08,Monday,21,1,Sunny,Kigamboni,Good,278,
4/21/2025 7:56,Monday,7,0,Cloudy,Mlimani City,Good,823,
4/10/2025 6:25,Thursday,6,0,Rainy,Ubungo,Good,642,
4/3/2025 17:30,Thursday,17,0,Sunny,Masaki,Good,806,
4/3/2025 9:58,Thursday,9,0,Cloudy,Kigamboni,Good,1166,
4/18/2025 4:57,Friday,4,0,Rainy,Mwenge,Good,679,
4/8/2025 22:44,Tuesday,22,0,Sunny,Kariakoo,Good,391,
4/26/2025 2:21,Saturday,2,1,Sunny,Posta,Good,252,
4/26/2025 23:24,Saturday,23,0,Sunny,Mikocheni,Under Construction,734,
4/27/2025 12:33,Sunday,12,0,Sunny,Masaki,Good,369,
4/5/2025 16:41,Saturday,16,0,Sunny,Ubungo,Good,713,
4/3/2025 0:58,Thursday,0,0,Rainy,Mlimani City,Good,334,
4/7/2025 8:56,Monday,8,0,Sunny,Masaki,Good,1005,
4/21/2025 21:30,Monday,21,0,Rainy,Posta,Good,759,Market day
4/1/2025 15:48,Tuesday,15,0,Sunny,Posta,Good,512,
4/3/2025 23:18,Thursday,23,0,Sunny,Masaki,Under Construction,447,
4/25/2025 10:08,Friday,10,0,Sunny,Mlimani City,Good,109,
4/17/2025 15:30,Thursday,15,0,Sunny,Kariakoo,Good,205,School closing time
4/30/2025 9:54,Wednesday,9,0,Rainy,Ubungo,Good,1338,
4/25/2025 1:52,Friday,1,0,Rainy,Ubungo,Good,555,
4/8/2025 6:30,Tuesday,6,0,Rainy,Kigamboni,Good,394,
4/23/2025 6:08,Wednesday,6,0,Sunny,Kariakoo,Good,295,
4/10/2025 15:26,Thursday,15,0,Sunny,Mlimani City,Under Construction,634,
4/9/2025 11:36,Wednesday,11,0,Sunny,Ubungo,Under Construction,308,
4/16/2025 14:39,Wednesday,14,0,Sunny,Kigamboni,Good,484,
4/26/2025 13:49,Saturday,13,0,Cloudy,Kigamboni,Good,242,
4/29/2025 15:34,Tuesday,15,0,Sunny,Kariakoo,Under Construction,363,
4/30/2025 11:34,Wednesday,11,0,Sunny,Mwenge,Good,269,
4/22/2025 6:56,Tuesday,6,0,Sunny,Masaki,Good,432,
4/23/2025 20:47,Wednesday,20,0,Sunny,Mlimani City,Good,368,
4/17/2025 6:35,Thursday,6,0,Sunny,Mwenge,Good,491,
4/1/2025 15:52,Tuesday,15,1,Sunny,Posta,Under Construction,344,
4/22/2025 20:40,Tuesday,20,0,Rainy,Mikocheni,Good,480,
4/21/2025 21:15,Monday,21,0,Sunny,Ubungo,Good,370,
4/8/2025 16:20,Tuesday,16,0,Sunny,Kariakoo,Under Construction,1068,
4/15/2025 4:11,Tuesday,4,0,Sunny,Kigamboni,Good,215,
4/22/2025 20:13,Tuesday,20,0,Rainy,Mwenge,Good,542,
4/13/2025 1:24,Sunday,1,0,Sunny,Ubungo,Good,171,
4/19/2025 6:48,Saturday,6,0,Sunny,Ubungo,Under Construction,788,
4/8/2025 7:16,Tuesday,7,0,Sunny,Mlimani City,Good,600,
4/25/2025 8:59,Friday,8,0,Sunny,Mikocheni,Good,716,Road accident
4/11/2025 18:44,Friday,18,0,Rainy,Kigamboni,Good,1309,
4/22/2025 19:19,Tuesday,19,0,Sunny,Kariakoo,Flooded,883,
4/19/2025 19:16,Saturday,19,0,Rainy,Masaki,Good,1119,
4/4/2025 6:00,Friday,6,0,Sunny,Kigamboni,Flooded,393,
4/22/2025 11:25,Tuesday,11,1,Rainy,Posta,Good,363,
4/13/2025 0:59,Sunday,0,0,Sunny,Kariakoo,Good,457,
4/15/2025 20:10,Tuesday,20,0,Rainy,Mwenge,Good,416,
4/17/2025 7:06,Thursday,7,0,Sunny,Kigamboni,Good,685,
4/19/2025 22:00,Saturday,22,0,Rainy,Posta,Good,453,School closing time
4/8/2025 9:26,Tuesday,9,0,Sunny,Posta,Good,868,
4/25/2025 7:57,Friday,7,0,Rainy,Kariakoo,Good,1250,
4/24/2025 18:28,Thursday,18,0,Rainy,Mwenge,Good,1307,
4/16/2025 10:36,Wednesday,10,0,Rainy,Kariakoo,Good,807,
4/20/2025 12:29,Sunday,12,0,Sunny,Kigamboni,Good,161,Market day
4/2/2025 23:04,Wednesday,23,0,Sunny,Mlimani City,Flooded,330,Market day
4/16/2025 10:26,Wednesday,10,0,Sunny,Kigamboni,Good,342,Concert nearby
4/11/2025 4:10,Friday,4,1,Rainy,Posta,Good,746,
4/8/2025 18:21,Tuesday,18,0,Sunny,Kariakoo,Good,1095,School closing time
4/12/2025 4:51,Saturday,4,0,Sunny,Mlimani City,Good,528,Concert nearby
4/17/2025 7:38,Thursday,7,0,Rainy,Kigamboni,Good,925,
4/9/2025 2:48,Wednesday,2,0,Sunny,Kariakoo,Good,388,
4/3/2025 4:06,Thursday,4,0,Cloudy,Mlimani City,Good,425,
4/27/2025 23:13,Sunday,23,1,Sunny,Posta,Good,285,Market day
4/30/2025 10:26,Wednesday,10,0,Rainy,Mwenge,Good,601,
4/18/2025 18:50,Friday,18,0,Sunny,Mikocheni,Good,856,Concert nearby
4/16/2025 4:39,Wednesday,4,0,Rainy,Posta,Good,380,
4/16/2025 19:15,Wednesday,19,1,Sunny,Kigamboni,Good,939,
4/30/2025 5:13,Wednesday,5,0,Rainy,Mwenge,Good,334,
4/3/2025 8:41,Thursday,8,0,Rainy,Masaki,Good,1253,
4/30/2025 10:51,Wednesday,10,0,Sunny,Masaki,Good,191,Road accident
4/1/2025 14:30,Tuesday,14,0,Cloudy,Masaki,Good,117,
4/2/2025 16:51,Wednesday,16,0,Sunny,Mwenge,Good,1173,
4/2/2025 9:18,Wednesday,9,0,Rainy,Kigamboni,Good,1097,Market day
4/29/2025 11:30,Tuesday,11,0,Cloudy,Mlimani City,Good,402,
4/3/2025 8:29,Thursday,8,0,Rainy,Masaki,Good,742,
4/6/2025 16:11,Sunday,16,0,Sunny,Masaki,Good,958,
4/22/2025 5:32,Tuesday,5,1,Sunny,Mwenge,Good,362,School closing time
4/19/2025 7:44,Saturday,7,0,Sunny,Mlimani City,Good,922,Market day
4/27/2025 16:19,Sunday,16,0,Sunny,Posta,Good,787,Road accident
4/14/2025 6:50,Monday,6,0,Sunny,Posta,Good,391,
4/10/2025 16:58,Thursday,16,0,Sunny,Kigamboni,Good,672,
4/2/2025 10:08,Wednesday,10,0,Sunny,Mlimani City,Good,218,
4/21/2025 11:11,Monday,11,0,Rainy,Masaki,Good,570,Market day
4/28/2025 12:18,Monday,12,0,Sunny,Kigamboni,Good,382,
4/29/2025 0:05,Tuesday,0,0,Sunny,Kigamboni,Good,321,
4/26/2025 6:39,Saturday,6,0,Sunny,Mikocheni,Good,561,
4/3/2025 19:48,Thursday,19,0,Rainy,Mwenge,Under Construction,1044,
4/20/2025 1:39,Sunday,1,0,Sunny,Mwenge,Good,545,
4/17/2025 4:16,Thursday,4,0,Sunny,Mwenge,Good,538,
4/13/2025 5:45,Sunday,5,0,Sunny,Mikocheni,Under Construction,592,
4/11/2025 14:02,Friday,14,0,Rainy,Mlimani City,Good,474,School closing time
4/19/2025 3:44,Saturday,3,0,Sunny,Kigamboni,Under Construction,705,
4/4/2025 1:09,Friday,1,0,Rainy,Mlimani City,Good,458,Road accident
4/4/2025 10:18,Friday,10,0,Rainy,Mlimani City,Good,320,
4/30/2025 13:57,Wednesday,13,0,Rainy,Mikocheni,Good,366,
4/28/2025 16:49,Monday,16,0,Sunny,Mwenge,Good,874,
4/13/2025 17:57,Sunday,17,0,Sunny,Mikocheni,Good,824,
4/30/2025 3:16,Wednesday,3,0,Sunny,Kigamboni,Under Construction,223,
4/17/2025 20:07,Thursday,20,0,Rainy,Kariakoo,Good,611,Concert nearby
4/14/2025 18:46,Monday,18,0,Sunny,Masaki,Good,963,
4/23/2025 14:44,Wednesday,14,0,Sunny,Ubungo,Good,251,Market day
4/22/2025 19:13,Tuesday,19,1,Cloudy,Mlimani City,Good,1198,
4/13/2025 14:29,Sunday,14,0,Sunny,Posta,Flooded,248,
4/24/2025 1:19,Thursday,1,0,Sunny,Kariakoo,Good,339,
4/8/2025 16:35,Tuesday,16,0,Rainy,Masaki,Good,934,
4/5/2025 16:08,Saturday,16,1,Sunny,Kigamboni,Good,856,
4/27/2025 1:46,Sunday,1,0,Sunny,Masaki,Under Construction,734,
4/6/2025 4:02,Sunday,4,0,Sunny,Kariakoo,Good,384,
4/3/2025 4:23,Thursday,4,0,Sunny,Mwenge,Good,522,
4/27/2025 15:39,Sunday,15,0,Sunny,Ubungo,Good,112,
4/6/2025 7:17,Sunday,7,0,Sunny,Mikocheni,Good,1039,
4/5/2025 9:03,Saturday,9,0,Cloudy,Mwenge,Good,815,
4/27/2025 17:57,Sunday,17,0,Rainy,Kigamboni,Good,868,Road accident
4/14/2025 14:02,Monday,14,0,Sunny,Kariakoo,Good,142,Market day
4/25/2025 0:23,Friday,0,0,Sunny,Kigamboni,Flooded,658,Market day
4/27/2025 11:35,Sunday,11,0,Rainy,Mwenge,Good,813,School closing time
4/19/2025 16:36,Saturday,16,0,Rainy,Kariakoo,Good,1374,Concert nearby
4/29/2025 2:17,Tuesday,2,0,Cloudy,Kigamboni,Good,345,School closing time
4/21/2025 1:12,Monday,1,0,Sunny,Mlimani City,Good,272,School closing time
4/19/2025 5:24,Saturday,5,0,Sunny,Kariakoo,Good,250,
4/15/2025 2:14,Tuesday,2,0,Rainy,Mwenge,Good,613,
4/3/2025 6:45,Thursday,6,0,Cloudy,Posta,Good,518,
4/12/2025 16:54,Saturday,16,0,Sunny,Masaki,Good,750,
4/7/2025 21:03,Monday,21,0,Rainy,Mlimani City,Under Construction,467,
4/25/2025 8:59,Friday,8,1,Sunny,Mwenge,Good,933,
4/5/2025 5:13,Saturday,5,0,Sunny,Mlimani City,Good,358,Road accident
4/27/2025 14:23,Sunday,14,0,Sunny,Masaki,Good,503,
4/9/2025 6:05,Wednesday,6,1,Cloudy,Kigamboni,Under Construction,391,
4/11/2025 21:30,Friday,21,0,Sunny,Ubungo,Under Construction,657,
4/21/2025 0:15,Monday,0,1,Sunny,Kigamboni,Flooded,628,
4/18/2025 0:50,Friday,0,0,Sunny,Kariakoo,Good,609,
4/6/2025 18:26,Sunday,18,1,Rainy,Ubungo,Good,709,
4/19/2025 18:55,Saturday,18,0,Sunny,Kigamboni,Good,1036,
4/15/2025 11:44,Tuesday,11,0,Rainy,Posta,Good,258,School closing time
4/4/2025 11:16,Friday,11,0,Sunny,Mikocheni,Good,334,Market day
4/12/2025 22:23,Saturday,22,0,Rainy,Kigamboni,Good,420,
4/25/2025 10:30,Friday,10,0,Rainy,Mwenge,Good,553,School closing time
4/25/2025 23:24,Friday,23,0,Sunny,Masaki,Good,365,
4/8/2025 13:42,Tuesday,13,0,Rainy,Kigamboni,Under Construction,439,
4/23/2025 21:12,Wednesday,21,0,Sunny,Posta,Under Construction,245,
4/9/2025 18:24,Wednesday,18,0,Cloudy,Kigamboni,Good,797,School closing time
4/20/2025 6:20,Sunday,6,1,Sunny,Mwenge,Good,240,
4/8/2025 23:49,Tuesday,23,0,Sunny,Mlimani City,Good,211,
4/15/2025 0:20,Tuesday,0,0,Sunny,Mikocheni,Under Construction,702,Market day
4/6/2025 8:11,Sunday,8,0,Sunny,Mlimani City,Good,1116,
4/5/2025 22:42,Saturday,22,0,Sunny,Ubungo,Good,458,
4/13/2025 4:43,Sunday,4,0,Sunny,Kigamboni,Good,242,Market day
4/6/2025 21:36,Sunday,21,0,Sunny,Mwenge,Good,395,
4/16/2025 3:03,Wednesday,3,0,Sunny,Kigamboni,Good,118,
4/15/2025 2:05,Tuesday,2,0,Rainy,Mlimani City,Good,376,
4/5/2025 2:48,Saturday,2,0,Sunny,Kariakoo,Flooded,501,Concert nearby
4/15/2025 22:35,Tuesday,22,0,Sunny,Posta,Good,525,Market day
4/3/2025 18:40,Thursday,18,0,Cloudy,Mlimani City,Good,610,
4/20/2025 12:00,Sunday,12,0,Sunny,Mwenge,Good,476,Concert nearby
4/29/2025 13:38,Tuesday,13,0,Sunny,Masaki,Good,419,
4/11/2025 11:56,Friday,11,0,Sunny,Mlimani City,Under Construction,631,
4/29/2025 20:32,Tuesday,20,1,Sunny,Kigamboni,Good,319,
4/26/2025 0:21,Saturday,0,0,Rainy,Kariakoo,Good,696,Road accident
4/21/2025 6:11,Monday,6,0,Sunny,Mikocheni,Good,303,
4/28/2025 23:38,Monday,23,0,Sunny,Kariakoo,Good,492,
4/24/2025 20:48,Thursday,20,0,Rainy,Mikocheni,Under Construction,635,School closing time
4/24/2025 15:28,Thursday,15,0,Sunny,Mlimani City,Under Construction,648,
4/20/2025 16:44,Sunday,16,0,Sunny,Mwenge,Good,995,
4/24/2025 18:18,Thursday,18,0,Rainy,Masaki,Good,982,
4/27/2025 0:00,Sunday,0,0,Sunny,Kigamboni,Good,357,
4/8/2025 22:07,Tuesday,22,0,Sunny,Mikocheni,Good,309,
4/22/2025 14:48,Tuesday,14,0,Sunny,Mlimani City,Under Construction,585,Market day
4/21/2025 22:16,Monday,22,0,Sunny,Mwenge,Good,287,
4/6/2025 23:49,Sunday,23,0,Rainy,Kigamboni,Good,630,Market day
4/15/2025 1:31,Tuesday,1,0,Rainy,Mlimani City,Good,297,
4/26/2025 23:02,Saturday,23,0,Cloudy,Kariakoo,Flooded,295,
4/12/2025 11:36,Saturday,11,1,Sunny,Mwenge,Good,535,School closing time
4/5/2025 7:24,Saturday,7,0,Sunny,Kigamboni,Good,946,
4/30/2025 8:50,Wednesday,8,0,Sunny,Mlimani City,Good,857,
4/5/2025 5:44,Saturday,5,0,Sunny,Mwenge,Good,220,
4/11/2025 19:49,Friday,19,0,Sunny,Mwenge,Good,467,
4/8/2025 4:17,Tuesday,4,0,Rainy,Ubungo,Under Construction,748,School closing time
4/15/2025 12:27,Tuesday,12,0,Rainy,Posta,Under Construction,670,School closing time
4/15/2025 21:31,Tuesday,21,1,Rainy,Masaki,Good,684,
4/11/2025 9:24,Friday,9,0,Rainy,Masaki,Good,961,
4/4/2025 13:14,Friday,13,0,Sunny,Mlimani City,Good,158,
4/15/2025 12:01,Tuesday,12,0,Sunny,Masaki,Good,445,
4/4/2025 18:38,Friday,18,0,Sunny,Mlimani City,Good,812,
4/5/2025 0:53,Saturday,0,0,Sunny,Mlimani City,Good,313,Concert nearby
4/7/2025 12:33,Monday,12,0,Rainy,Masaki,Flooded,723,
4/3/2025 8:33,Thursday,8,0,Rainy,Ubungo,Good,1410,School closing time
4/25/2025 9:34,Friday,9,0,Sunny,Ubungo,Good,1031,
4/18/2025 20:09,Friday,20,1,Sunny,Mlimani City,Good,84,
4/1/2025 7:59,Tuesday,7,0,Sunny,Posta,Good,945,Market day
4/11/2025 20:31,Friday,20,0,Rainy,Masaki,Under Construction,705,School closing time
4/29/2025 11:31,Tuesday,11,0,Sunny,Mikocheni,Good,141,Concert nearby
4/6/2025 2:46,Sunday,2,0,Rainy,Mlimani City,Good,455,
4/1/2025 11:54,Tuesday,11,0,Sunny,Mikocheni,Good,599,
4/1/2025 4:21,Tuesday,4,0,Rainy,Masaki,Good,525,
4/1/2025 1:30,Tuesday,1,1,Sunny,Kigamboni,Good,434,School closing time
4/9/2025 11:01,Wednesday,11,0,Cloudy,Masaki,Under Construction,315,
4/1/2025 12:40,Tuesday,12,0,Cloudy,Posta,Good,297,
4/24/2025 21:51,Thursday,21,0,Cloudy,Posta,Good,591,
4/23/2025 10:01,Wednesday,10,0,Rainy,Mikocheni,Good,273,School closing time
4/11/2025 23:28,Friday,23,0,Sunny,Ubungo,Good,271,
4/29/2025 10:22,Tuesday,10,1,Sunny,Ubungo,Good,193,
4/29/2025 9:33,Tuesday,9,0,Rainy,Kariakoo,Good,1226,
4/11/2025 19:22,Friday,19,0,Sunny,Mikocheni,Good,1168,
4/14/2025 10:49,Monday,10,0,Sunny,Mwenge,Good,156,School closing time
4/7/2025 13:50,Monday,13,0,Sunny,Mwenge,Good,207,
4/22/2025 8:35,Tuesday,8,0,Sunny,Mikocheni,Good,514,School closing time
4/4/2025 13:21,Friday,13,0,Rainy,Mlimani City,Good,607,
4/11/2025 2:28,Friday,2,0,Sunny,Ubungo,Good,337,
4/10/2025 8:54,Thursday,8,1,Rainy,Kariakoo,Good,857,
4/19/2025 21:52,Saturday,21,0,Sunny,Mwenge,Good,521,
4/1/2025 0:56,Tuesday,0,0,Cloudy,Kariakoo,Good,109,
4/8/2025 5:35,Tuesday,5,0,Rainy,Mikocheni,Good,607,Road accident
4/16/2025 12:02,Wednesday,12,0,Cloudy,Mikocheni,Good,496,School closing time
4/30/2025 22:40,Wednesday,22,0,Rainy,Mikocheni,Good,764,
4/16/2025 1:53,Wednesday,1,0,Sunny,Kigamboni,Good,212,Market day
4/3/2025 2:27,Thursday,2,0,Sunny,Kariakoo,Under Construction,347,School closing time
4/30/2025 21:48,Wednesday,21,0,Rainy,Kariakoo,Good,644,
4/24/2025 15:50,Thursday,15,0,Rainy,Ubungo,Under Construction,745,
4/24/2025 19:20,Thursday,19,0,Sunny,Masaki,Good,533,
4/16/2025 22:07,Wednesday,22,0,Rainy,Kigamboni,Under Construction,496,
4/3/2025 18:42,Thursday,18,0,Rainy,Mikocheni,Good,1051,
4/25/2025 20:36,Friday,20,0,Cloudy,Mikocheni,Good,170,School closing time
4/3/2025 23:59,Thursday,23,0,Sunny,Kigamboni,Under Construction,493,
4/13/2025 2:52,Sunday,2,0,Sunny,Posta,Good,227,
4/23/2025 21:17,Wednesday,21,0,Rainy,Ubungo,Good,663,
4/13/2025 12:00,Sunday,12,0,Rainy,Mikocheni,Under Construction,490,
4/5/2025 15:18,Saturday,15,0,Sunny,Kigamboni,Under Construction,188,
4/20/2025 13:01,Sunday,13,0,Rainy,Mikocheni,Good,747,Concert nearby
4/7/2025 12:37,Monday,12,0,Rainy,Posta,Good,422,
4/25/2025 7:15,Friday,7,0,Rainy,Kariakoo,Good,1076,
4/23/2025 20:49,Wednesday,20,0,Sunny,Mlimani City,Good,322,
4/30/2025 16:03,Wednesday,16,0,Sunny,Ubungo,Good,804,
4/8/2025 22:55,Tuesday,22,0,Rainy,Kariakoo,Good,314,
4/22/2025 11:55,Tuesday,11,0,Sunny,Mlimani City,Good,299,
4/15/2025 17:48,Tuesday,17,0,Sunny,Masaki,Good,677,
4/8/2025 19:42,Tuesday,19,0,Sunny,Mikocheni,Under Construction,1189,
4/19/2025 5:37,Saturday,5,0,Rainy,Kariakoo,Good,471,Concert nearby
4/13/2025 21:47,Sunday,21,1,Sunny,Posta,Good,132,
4/13/2025 17:21,Sunday,17,0,Sunny,Masaki,Good,925,
4/10/2025 22:56,Thursday,22,0,Sunny,Mwenge,Good,229,School closing time
4/30/2025 19:16,Wednesday,19,0,Sunny,Kariakoo,Good,766,
4/17/2025 19:53,Thursday,19,0,Sunny,Masaki,Good,878,
4/2/2025 21:25,Wednesday,21,0,Sunny,Kigamboni,Good,141,
4/23/2025 5:38,Wednesday,5,0,Sunny,Ubungo,Good,619,
4/6/2025 12:23,Sunday,12,0,Sunny,Kariakoo,Good,586,
4/19/2025 23:23,Saturday,23,0,Sunny,Masaki,Good,360,
4/16/2025 15:48,Wednesday,15,0,Cloudy,Kigamboni,Good,162,
4/5/2025 13:45,Saturday,13,0,Rainy,Kigamboni,Good,486,Concert nearby
4/14/2025 19:08,Monday,19,0,Rainy,Mwenge,Under Construction,1098,
4/23/2025 12:07,Wednesday,12,0,Sunny,Posta,Good,378,
4/7/2025 23:20,Monday,23,0,Rainy,Mikocheni,Good,508,Market day
4/9/2025 4:25,Wednesday,4,0,Rainy,Kariakoo,Good,432,
4/11/2025 12:50,Friday,12,0,Sunny,Kigamboni,Under Construction,276,
4/14/2025 5:40,Monday,5,0,Sunny,Mikocheni,Good,278,School closing time
4/13/2025 3:20,Sunday,3,0,Rainy,Mikocheni,Good,486,
4/27/2025 22:13,Sunday,22,0,Rainy,Masaki,Good,505,
4/12/2025 5:08,Saturday,5,0,Sunny,Ubungo,Good,293,
4/19/2025 0:41,Saturday,0,0,Sunny,Ubungo,Good,346,
4/1/2025 14:46,Tuesday,14,1,Rainy,Masaki,Under Construction,695,Market day
4/22/2025 3:47,Tuesday,3,0,Sunny,Kariakoo,Good,521,Market day
4/2/2025 17:23,Wednesday,17,0,Sunny,Kigamboni,Good,826,
4/13/2025 1:38,Sunday,1,0,Sunny,Kariakoo,Good,483,
4/19/2025 20:27,Saturday,20,0,Rainy,Mikocheni,Good,422,
4/29/2025 22:11,Tuesday,22,0,Sunny,Posta,Good,369,
4/18/2025 15:13,Friday,15,0,Sunny,Mlimani City,Under Construction,374,
4/11/2025 9:10,Friday,9,0,Sunny,Ubungo,Flooded,887,
4/23/2025 22:52,Wednesday,22,0,Sunny,Masaki,Good,364,
4/12/2025 7:21,Saturday,7,0,Sunny,Posta,Good,581,Market day
4/15/2025 21:03,Tuesday,21,0,Sunny,Mikocheni,Under Construction,670,
4/30/2025 13:59,Wednesday,13,0,Cloudy,Kigamboni,Good,138,
4/10/2025 12:48,Thursday,12,0,Rainy,Mlimani City,Flooded,689,
4/15/2025 4:09,Tuesday,4,0,Rainy,Mikocheni,Good,548,
4/22/2025 19:49,Tuesday,19,0,Sunny,Masaki,Under Construction,918,
4/29/2025 1:48,Tuesday,1,1,Rainy,Kariakoo,Under Construction,425,
4/2/2025 12:05,Wednesday,12,0,Rainy,Kigamboni,Good,589,
4/16/2025 13:06,Wednesday,13,0,Sunny,Masaki,Good,81,Market day
4/4/2025 1:31,Friday,1,1,Sunny,Mwenge,Good,241,School closing time
4/18/2025 15:09,Friday,15,0,Cloudy,Kariakoo,Good,391,Market day
4/7/2025 20:10,Monday,20,1,Rainy,Posta,Under Construction,526,
4/28/2025 15:32,Monday,15,0,Rainy,Posta,Good,409,
4/12/2025 5:38,Saturday,5,1,Sunny,Kigamboni,Good,429,Concert nearby
4/16/2025 19:17,Wednesday,19,0,Sunny,Mikocheni,Flooded,683,
4/18/2025 12:12,Friday,12,0,Sunny,Mlimani City,Under Construction,538,
4/22/2025 1:10,Tuesday,1,0,Sunny,Kariakoo,Good,366,
4/16/2025 3:48,Wednesday,3,0,Rainy,Ubungo,Good,448,School closing time
4/11/2025 10:46,Friday,10,0,Sunny,Mwenge,Under Construction,258,Market day
4/28/2025 22:25,Monday,22,0,Rainy,Ubungo,Good,552,
4/30/2025 4:09,Wednesday,4,0,Sunny,Ubungo,Good,460,
4/28/2025 19:46,Monday,19,0,Sunny,Kariakoo,Under Construction,1066,
4/24/2025 4:29,Thursday,4,0,Sunny,Posta,Good,298,
4/27/2025 20:13,Sunday,20,0,Rainy,Mwenge,Good,520,Road accident
4/21/2025 16:26,Monday,16,0,Sunny,Mwenge,Good,1091,Concert nearby
4/29/2025 15:14,Tuesday,15,0,Rainy,Kigamboni,Good,687,Concert nearby
4/19/2025 18:29,Saturday,18,0,Cloudy,Kigamboni,Under Construction,889,
4/27/2025 4:07,Sunday,4,0,Sunny,Mwenge,Good,502,
4/6/2025 17:02,Sunday,17,0,Sunny,Mlimani City,Good,789,Concert nearby
4/7/2025 15:04,Monday,15,1,Rainy,Posta,Good,337,Concert nearby
4/13/2025 8:31,Sunday,8,0,Sunny,Kariakoo,Good,1294,
4/17/2025 13:29,Thursday,13,0,Sunny,Ubungo,Flooded,369,
4/4/2025 17:52,Friday,17,0,Cloudy,Mwenge,Good,835,
4/2/2025 19:57,Wednesday,19,0,Rainy,Kigamboni,Good,1109,
4/5/2025 10:17,Saturday,10,0,Rainy,Mlimani City,Good,701,Concert nearby
4/4/2025 1:39,Friday,1,0,Rainy,Posta,Good,502,
4/19/2025 21:14,Saturday,21,0,Sunny,Mlimani City,Good,568,
4/29/2025 15:30,Tuesday,15,1,Cloudy,Kigamboni,Good,287,
4/23/2025 10:03,Wednesday,10,0,Sunny,Mikocheni,Good,434,Road accident
4/25/2025 13:34,Friday,13,0,Sunny,Masaki,Good,397,
4/21/2025 16:04,Monday,16,0,Rainy,Mikocheni,Good,997,School closing time
4/13/2025 4:09,Sunday,4,0,Sunny,Masaki,Good,505,
4/7/2025 18:08,Monday,18,0,Sunny,Mwenge,Good,790,
4/5/2025 20:21,Saturday,20,0,Sunny,Mwenge,Under Construction,524,
4/6/2025 3:21,Sunday,3,0,Sunny,Posta,Good,299,
4/20/2025 9:00,Sunday,9,0,Rainy,Masaki,Good,1070,
4/4/2025 6:33,Friday,6,0,Rainy,Kariakoo,Good,727,School closing time
4/18/2025 12:39,Friday,12,0,Sunny,Ubungo,Good,512,Market day
4/15/2025 11:22,Tuesday,11,0,Rainy,Ubungo,Good,442,
4/12/2025 14:26,Saturday,14,0,Sunny,Ubungo,Under Construction,458,
4/2/2025 14:04,Wednesday,14,0,Sunny,Posta,Good,503,
4/20/2025 23:14,Sunday,23,0,Cloudy,Masaki,Good,537,Market day
4/7/2025 7:50,Monday,7,0,Rainy,Masaki,Under Construction,1179,
4/7/2025 3:05,Monday,3,0,Sunny,Kariakoo,Good,231,
4/4/2025 10:16,Friday,10,1,Rainy,Kariakoo,Good,493,Road accident
4/5/2025 6:37,Saturday,6,0,Sunny,Kariakoo,Good,134,
4/1/2025 19:37,Tuesday,19,0,Rainy,Masaki,Flooded,1134,
4/28/2025 11:01,Monday,11,0,Cloudy,Kariakoo,Good,490,
4/2/2025 6:09,Wednesday,6,0,Sunny,Posta,Good,157,
4/12/2025 9:21,Saturday,9,0,Sunny,Masaki,Good,674,
4/29/2025 16:25,Tuesday,16,0,Sunny,Posta,Under Construction,897,
4/9/2025 22:10,Wednesday,22,0,Sunny,Posta,Good,441,
4/12/2025 10:12,Saturday,10,0,Sunny,Kariakoo,Good,522,
4/16/2025 6:59,Wednesday,6,1,Rainy,Kigamboni,Under Construction,799,
4/10/2025 10:29,Thursday,10,0,Cloudy,Kigamboni,Good,306,School closing time
4/17/2025 9:57,Thursday,9,0,Sunny,Mwenge,Good,613,
4/7/2025 22:52,Monday,22,0,Sunny,Mlimani City,Good,76,Market day
4/19/2025 23:43,Saturday,23,0,Rainy,Kariakoo,Under Construction,605,
4/3/2025 13:25,Thursday,13,0,Rainy,Kigamboni,Good,487,
4/29/2025 19:07,Tuesday,19,0,Cloudy,Mikocheni,Under Construction,1254,Market day
4/23/2025 4:24,Wednesday,4,0,Sunny,Mikocheni,Good,303,School closing time
4/21/2025 10:03,Monday,10,0,Rainy,Kariakoo,Good,713,
4/26/2025 21:13,Saturday,21,0,Sunny,Masaki,Good,219,
4/8/2025 7:35,Tuesday,7,0,Sunny,Kariakoo,Good,550,School closing time
4/21/2025 10:18,Monday,10,0,Sunny,Kariakoo,Good,325,
4/5/2025 20:03,Saturday,20,0,Rainy,Kigamboni,Flooded,328,
4/4/2025 21:32,Friday,21,0,Rainy,Mikocheni,Good,363,
4/14/2025 3:14,Monday,3,0,Sunny,Kariakoo,Good,283,Road accident
4/12/2025 2:38,Saturday,2,1,Sunny,Mikocheni,Under Construction,470,
4/4/2025 6:15,Friday,6,1,Cloudy,Mwenge,Good,214,
4/19/2025 2:21,Saturday,2,0,Cloudy,Ubungo,Good,371,
4/4/2025 6:24,Friday,6,0,Rainy,Mlimani City,Good,596,
4/15/2025 11:26,Tuesday,11,1,Sunny,Mwenge,Good,100,Market day
4/19/2025 16:19,Saturday,16,0,Sunny,Posta,Good,929,
4/24/2025 23:14,Thursday,23,0,Sunny,Posta,Good,233,School closing time
4/2/2025 23:27,Wednesday,23,0,Sunny,Posta,Flooded,294,
4/1/2025 3:56,Tuesday,3,0,Sunny,Mwenge,Good,637,
4/4/2025 18:45,Friday,18,0,Sunny,Kariakoo,Good,705,
4/21/2025 6:09,Monday,6,0,Sunny,Mwenge,Good,347,
4/8/2025 22:59,Tuesday,22,0,Sunny,Kariakoo,Good,478,Market day
4/18/2025 12:53,Friday,12,0,Sunny,Masaki,Good,115,
4/26/2025 4:29,Saturday,4,0,Sunny,Mlimani City,Good,306,Market day
4/10/2025 23:36,Thursday,23,0,Sunny,Posta,Good,522,
4/12/2025 5:17,Saturday,5,0,Sunny,Kariakoo,Good,190,Concert nearby
4/18/2025 1:35,Friday,1,0,Sunny,Mwenge,Good,345,
